INSERT INTO `doctrine_migration_versions` (`version`, `executed_at`, `execution_time`) VALUES
('DoctrineMigrations\\Version20220821193837', '2022-08-21 21:38:37', 361);

INSERT INTO `user` (`id`, `email`, `roles`, `password`, `username`, `avatar`) VALUES
(1, 'asishere44@gmail.com', '[\"ROLE_ADMIN\"]', '$2y$13$IPxJ11v4j7F3QPkOkLyPKeASDr8rKE1W5HEuslr4/8O6RcvfOpHUq', 'Admin', 'https://media-exp1.licdn.com/dms/image/C4E03AQF7jT87BmmN9w/profile-displayphoto-shrink_800_800/0/1658432730841?e=1665014400&v=beta&t=NI1XECgt6enZbAfSjHfZ7E_ZfOcHD_bBfYCF-zfM_ik');
INSERT INTO `user` (`id`, `email`, `roles`, `password`, `username`, `avatar`) VALUES
(2, 'jeanne.orhon@yahoo.fr', '[\"ROLE_USER\"]', '$2y$13$IPxJ11v4j7F3QPkOkLyPKeASDr8rKE1W5HEuslr4/8O6RcvfOpHUq', 'Jeanne', 'https://encrypted-tbn0.gstatic.com/images?q=tbn:ANd9GcSSBGjSeYimOBFkTRv3VK3T8aZZ8a1GWsSFzA&usqp=CAU');

INSERT INTO `category` (`id`, `nom`, `couleur`, `icone`) VALUES
(1, 'Courses', '#F5846C', 'shopping-cart'),
(2, 'Administratif', '#B7DC88', 'edit'),
(3, 'Santé', '#63B4F4', 'ambulance'),
(4, 'Ecole', '#CA87E7', 'graduation-cap'),
(5, 'Bricolage', '#FE82A6', 'wrench'),
(6, 'Animaux', '#FFDC59', 'paw');

INSERT INTO `note` (`id`, `user_id`, `category_id`, `title`, `content`, `type`) VALUES
(1, 1, 1, 'Première note contenu', 'Lorem Ipsum is simply dummy text of the printing and typesetting industry. Lorem Ipsum has been the industry\'s standard dummy text ever since the 1500s, when an unknown printer took a galley of type and scrambled it to make a type specimen book. It has survived not only five centuries, but also the leap into electronic typesetting, remaining essentially unchanged. It was popularised in the 1960s with the release of Letraset sheets containing Lorem Ipsum passages, and more recently with desktop publishing software like Aldus PageMaker including versions of Lorem Ipsum.', 2),
(2, 1, 2, 'Deuxième note contenu', 'Lorem Ipsum is simply dummy text of the printing and typesetting industry. Lorem Ipsum has been the industry\'s standard dummy text ever since the 1500s, when an unknown printer took a galley of type and scrambled it to make a type specimen book. It has survived not only five centuries, but also the leap into electronic typesetting, remaining essentially unchanged. It was popularised in the 1960s with the release of Letraset sheets containing Lorem Ipsum passages, and more recently with desktop publishing software like Aldus PageMaker including versions of Lorem Ipsum.', 2),
(3, 1, 3, 'Troisième note contenu', 'Lorem Ipsum is simply dummy text of the printing and typesetting industry. Lorem Ipsum has been the industry\'s standard dummy text ever since the 1500s, when an unknown printer took a galley of type and scrambled it to make a type specimen book. It has survived not only five centuries, but also the leap into electronic typesetting, remaining essentially unchanged. It was popularised in the 1960s with the release of Letraset sheets containing Lorem Ipsum passages, and more recently with desktop publishing software like Aldus PageMaker including versions of Lorem Ipsum.', 2),
(4, 1, 4, 'Première note elements', NULL, 1),
(5, 1, 5, 'Deuxième note elements', NULL, 1),
(6, 1, 6, 'Troisième note elements', NULL, 1),
(7, 2, 1, 'Première note contenu', 'Lorem Ipsum is simply dummy text of the printing and typesetting industry. Lorem Ipsum has been the industry\'s standard dummy text ever since the 1500s, when an unknown printer took a galley of type and scrambled it to make a type specimen book. It has survived not only five centuries, but also the leap into electronic typesetting, remaining essentially unchanged. It was popularised in the 1960s with the release of Letraset sheets containing Lorem Ipsum passages, and more recently with desktop publishing software like Aldus PageMaker including versions of Lorem Ipsum.', 2),
(8, 2, 2, 'Deuxième note contenu', 'Lorem Ipsum is simply dummy text of the printing and typesetting industry. Lorem Ipsum has been the industry\'s standard dummy text ever since the 1500s, when an unknown printer took a galley of type and scrambled it to make a type specimen book. It has survived not only five centuries, but also the leap into electronic typesetting, remaining essentially unchanged. It was popularised in the 1960s with the release of Letraset sheets containing Lorem Ipsum passages, and more recently with desktop publishing software like Aldus PageMaker including versions of Lorem Ipsum.', 2),
(9, 2, 3, 'Troisième note contenu', 'Lorem Ipsum is simply dummy text of the printing and typesetting industry. Lorem Ipsum has been the industry\'s standard dummy text ever since the 1500s, when an unknown printer took a galley of type and scrambled it to make a type specimen book. It has survived not only five centuries, but also the leap into electronic typesetting, remaining essentially unchanged. It was popularised in the 1960s with the release of Letraset sheets containing Lorem Ipsum passages, and more recently with desktop publishing software like Aldus PageMaker including versions of Lorem Ipsum.', 2),
(10, 2, 4, 'Première note elements', NULL, 1),
(11, 2, 5, 'Deuxième note elements', NULL, 1),
(12, 2, 6, 'Troisième note elements', NULL, 1);

INSERT INTO `rayon` (`id`, `note_id`, `nom`) VALUES
(1, 4, 'hygiène'),
(2, 4, 'Boulangerie'),
(3, 4, 'Boucherie'),
(4, 4, 'Fruits et légumes'),
(5, 4, 'Poissonnerie'),
(6, 4, 'Boissons'),
(7, 5, 'hygiène'),
(8, 5, 'Boulangerie'),
(9, 5, 'Boucherie'),
(10, 5, 'Fruits et légumes'),
(11, 5, 'Poissonnerie'),
(12, 5, 'Boissons'),
(13, 6, 'hygiène'),
(14, 6, 'Boulangerie'),
(15, 6, 'Boucherie'),
(16, 6, 'Fruits et légumes'),
(17, 6, 'Poissonnerie'),
(18, 6, 'Boissons'),
(19, 10, 'hygiène'),
(20, 10, 'Boulangerie'),
(21, 10, 'Boucherie'),
(22, 10, 'Fruits et légumes'),
(23, 10, 'Poissonnerie'),
(24, 10, 'Boissons'),
(25, 11, 'hygiène'),
(26, 11, 'Boulangerie'),
(27, 11, 'Boucherie'),
(28, 11, 'Fruits et légumes'),
(29, 11, 'Poissonnerie'),
(30, 11, 'Boissons'),
(31, 12, 'hygiène'),
(32, 12, 'Boulangerie'),
(33, 12, 'Boucherie'),
(34, 12, 'Fruits et légumes'),
(35, 12, 'Poissonnerie'),
(36, 12, 'Boissons');

INSERT INTO `element` (`id`, `note_id`, `rayon_id`, `nom`, `photo`, `barre`) VALUES
(1, 4, 5, 'Element : 1', NULL, 0),
(2, 4, 5, 'Element : 2', NULL, 0),
(3, 4, 3, 'Element : 3', NULL, 0),
(4, 4, 2, 'Element : 4', NULL, 0),
(5, 4, 2, 'Element : 5', NULL, 0),
(6, 4, 3, 'Element : 6', NULL, 0),
(7, 4, 6, 'Element : 7', NULL, 0),
(8, 4, 4, 'Element : 8', NULL, 0),
(9, 4, 1, 'Element : 9', NULL, 0),
(10, 4, 6, 'Element : 10', NULL, 0),
(11, 4, 6, 'Element : 11', NULL, 0),
(12, 4, 6, 'Element : 12', NULL, 0),
(13, 4, 3, 'Element : 13', NULL, 0),
(14, 4, 4, 'Element : 14', NULL, 0),
(15, 4, 3, 'Element : 15', NULL, 0),
(16, 4, 4, 'Element : 16', NULL, 0),
(17, 4, 1, 'Element : 17', NULL, 0),
(18, 4, 1, 'Element : 18', NULL, 0),
(19, 4, 4, 'Element : 19', NULL, 0),
(20, 4, 1, 'Element : 20', NULL, 0),
(21, 4, 4, 'Element : 21', NULL, 0),
(22, 4, 3, 'Element : 22', NULL, 0),
(23, 4, 4, 'Element : 23', 'https://fr.openfoodfacts.org/images/products/356/470/055/5347/front_fr.37.full.jpg', 0),
(24, 4, 1, 'Element : 24', 'https://fr.openfoodfacts.org/images/products/356/470/055/5347/front_fr.37.full.jpg', 0),
(25, 4, 3, 'Element : 25', 'https://fr.openfoodfacts.org/images/products/356/470/055/5347/front_fr.37.full.jpg', 0),
(26, 4, 6, 'Element : 26', NULL, 0),
(27, 4, 6, 'Element : 27', NULL, 0),
(28, 4, 2, 'Element : 28', NULL, 0),
(29, 4, 1, 'Element : 29', NULL, 0),
(30, 4, 4, 'Element : 30', NULL, 0),
(31, 4, 6, 'Element : 31', NULL, 0),
(32, 4, 6, 'Element : 32', NULL, 0),
(33, 4, 6, 'Element : 33', 'https://fr.openfoodfacts.org/images/products/356/470/055/5347/front_fr.37.full.jpg', 0),
(34, 4, 1, 'Element : 34', NULL, 0),
(35, 4, 2, 'Element : 35', NULL, 0),
(36, 4, 3, 'Element : 36', NULL, 0),
(37, 4, 5, 'Element : 37', 'https://fr.openfoodfacts.org/images/products/356/470/055/5347/front_fr.37.full.jpg', 0),
(38, 4, 4, 'Element : 38', 'https://fr.openfoodfacts.org/images/products/356/470/055/5347/front_fr.37.full.jpg', 0),
(39, 4, 1, 'Element : 39', 'https://fr.openfoodfacts.org/images/products/356/470/055/5347/front_fr.37.full.jpg', 0),
(40, 4, 4, 'Element : 40', NULL, 0),
(41, 4, 4, 'Element : 41', NULL, 0),
(42, 4, 5, 'Element : 42', NULL, 0),
(43, 4, 1, 'Element : 43', 'https://fr.openfoodfacts.org/images/products/356/470/055/5347/front_fr.37.full.jpg', 0),
(44, 4, 3, 'Element : 44', 'https://fr.openfoodfacts.org/images/products/356/470/055/5347/front_fr.37.full.jpg', 0),
(45, 4, 4, 'Element : 45', NULL, 0),
(46, 4, 2, 'Element : 46', NULL, 0),
(47, 4, 2, 'Element : 47', NULL, 0),
(48, 4, 6, 'Element : 48', NULL, 0),
(49, 4, 5, 'Element : 49', 'https://fr.openfoodfacts.org/images/products/356/470/055/5347/front_fr.37.full.jpg', 0),
(50, 4, 3, 'Element : 50', 'https://fr.openfoodfacts.org/images/products/356/470/055/5347/front_fr.37.full.jpg', 0),
(51, 5, 5, 'Element : 1', NULL, 0),
(52, 5, 5, 'Element : 2', NULL, 0),
(53, 5, 2, 'Element : 3', NULL, 0),
(54, 5, 1, 'Element : 4', NULL, 0),
(55, 5, 5, 'Element : 5', NULL, 0),
(56, 5, 3, 'Element : 6', NULL, 0),
(57, 5, 4, 'Element : 7', NULL, 0),
(58, 5, 6, 'Element : 8', NULL, 0),
(59, 5, 3, 'Element : 9', NULL, 0),
(60, 5, 5, 'Element : 10', NULL, 0),
(61, 5, 3, 'Element : 11', 'https://fr.openfoodfacts.org/images/products/356/470/055/5347/front_fr.37.full.jpg', 0),
(62, 5, 1, 'Element : 12', NULL, 0),
(63, 5, 4, 'Element : 13', 'https://fr.openfoodfacts.org/images/products/356/470/055/5347/front_fr.37.full.jpg', 0),
(64, 5, 3, 'Element : 14', NULL, 0),
(65, 5, 1, 'Element : 15', NULL, 0),
(66, 5, 2, 'Element : 16', NULL, 0),
(67, 5, 5, 'Element : 17', NULL, 0),
(68, 5, 2, 'Element : 18', NULL, 0),
(69, 5, 1, 'Element : 19', NULL, 0),
(70, 5, 5, 'Element : 20', 'https://fr.openfoodfacts.org/images/products/356/470/055/5347/front_fr.37.full.jpg', 0),
(71, 5, 3, 'Element : 21', NULL, 0),
(72, 5, 2, 'Element : 22', NULL, 0),
(73, 5, 4, 'Element : 23', NULL, 0),
(74, 5, 6, 'Element : 24', 'https://fr.openfoodfacts.org/images/products/356/470/055/5347/front_fr.37.full.jpg', 0),
(75, 5, 3, 'Element : 25', NULL, 0),
(76, 5, 6, 'Element : 26', NULL, 0),
(77, 5, 5, 'Element : 27', 'https://fr.openfoodfacts.org/images/products/356/470/055/5347/front_fr.37.full.jpg', 0),
(78, 5, 1, 'Element : 28', 'https://fr.openfoodfacts.org/images/products/356/470/055/5347/front_fr.37.full.jpg', 0),
(79, 5, 6, 'Element : 29', NULL, 0),
(80, 5, 3, 'Element : 30', NULL, 0),
(81, 5, 1, 'Element : 31', NULL, 0),
(82, 5, 2, 'Element : 32', 'https://fr.openfoodfacts.org/images/products/356/470/055/5347/front_fr.37.full.jpg', 0),
(83, 5, 5, 'Element : 33', 'https://fr.openfoodfacts.org/images/products/356/470/055/5347/front_fr.37.full.jpg', 0),
(84, 5, 3, 'Element : 34', NULL, 0),
(85, 5, 2, 'Element : 35', NULL, 0),
(86, 5, 5, 'Element : 36', 'https://fr.openfoodfacts.org/images/products/356/470/055/5347/front_fr.37.full.jpg', 0),
(87, 5, 4, 'Element : 37', 'https://fr.openfoodfacts.org/images/products/356/470/055/5347/front_fr.37.full.jpg', 0),
(88, 5, 6, 'Element : 38', NULL, 0),
(89, 5, 6, 'Element : 39', NULL, 0),
(90, 5, 6, 'Element : 40', 'https://fr.openfoodfacts.org/images/products/356/470/055/5347/front_fr.37.full.jpg', 0),
(91, 5, 2, 'Element : 41', NULL, 0),
(92, 5, 5, 'Element : 42', NULL, 0),
(93, 5, 1, 'Element : 43', 'https://fr.openfoodfacts.org/images/products/356/470/055/5347/front_fr.37.full.jpg', 0),
(94, 5, 6, 'Element : 44', 'https://fr.openfoodfacts.org/images/products/356/470/055/5347/front_fr.37.full.jpg', 0),
(95, 5, 1, 'Element : 45', NULL, 0),
(96, 5, 5, 'Element : 46', 'https://fr.openfoodfacts.org/images/products/356/470/055/5347/front_fr.37.full.jpg', 0),
(97, 5, 4, 'Element : 47', 'https://fr.openfoodfacts.org/images/products/356/470/055/5347/front_fr.37.full.jpg', 0),
(98, 5, 6, 'Element : 48', 'https://fr.openfoodfacts.org/images/products/356/470/055/5347/front_fr.37.full.jpg', 0),
(99, 5, 5, 'Element : 49', NULL, 0),
(100, 5, 3, 'Element : 50', NULL, 0),
(101, 6, 1, 'Element : 1', NULL, 0),
(102, 6, 3, 'Element : 2', NULL, 0),
(103, 6, 1, 'Element : 3', NULL, 0),
(104, 6, 2, 'Element : 4', NULL, 0),
(105, 6, 2, 'Element : 5', NULL, 0),
(106, 6, 1, 'Element : 6', 'https://fr.openfoodfacts.org/images/products/356/470/055/5347/front_fr.37.full.jpg', 0),
(107, 6, 4, 'Element : 7', NULL, 0),
(108, 6, 1, 'Element : 8', NULL, 0),
(109, 6, 3, 'Element : 9', NULL, 0),
(110, 6, 6, 'Element : 10', NULL, 0),
(111, 6, 3, 'Element : 11', NULL, 0),
(112, 6, 5, 'Element : 12', NULL, 0),
(113, 6, 6, 'Element : 13', NULL, 0),
(114, 6, 6, 'Element : 14', 'https://fr.openfoodfacts.org/images/products/356/470/055/5347/front_fr.37.full.jpg', 0),
(115, 6, 6, 'Element : 15', NULL, 0),
(116, 6, 4, 'Element : 16', NULL, 0),
(117, 6, 4, 'Element : 17', NULL, 0),
(118, 6, 2, 'Element : 18', NULL, 0),
(119, 6, 3, 'Element : 19', 'https://fr.openfoodfacts.org/images/products/356/470/055/5347/front_fr.37.full.jpg', 0),
(120, 6, 3, 'Element : 20', 'https://fr.openfoodfacts.org/images/products/356/470/055/5347/front_fr.37.full.jpg', 0),
(121, 6, 5, 'Element : 21', NULL, 0),
(122, 6, 6, 'Element : 22', 'https://fr.openfoodfacts.org/images/products/356/470/055/5347/front_fr.37.full.jpg', 0),
(123, 6, 4, 'Element : 23', 'https://fr.openfoodfacts.org/images/products/356/470/055/5347/front_fr.37.full.jpg', 0),
(124, 6, 5, 'Element : 24', 'https://fr.openfoodfacts.org/images/products/356/470/055/5347/front_fr.37.full.jpg', 0),
(125, 6, 5, 'Element : 25', NULL, 0),
(126, 6, 3, 'Element : 26', NULL, 0),
(127, 6, 4, 'Element : 27', NULL, 0),
(128, 6, 6, 'Element : 28', 'https://fr.openfoodfacts.org/images/products/356/470/055/5347/front_fr.37.full.jpg', 0),
(129, 6, 3, 'Element : 29', 'https://fr.openfoodfacts.org/images/products/356/470/055/5347/front_fr.37.full.jpg', 0),
(130, 6, 6, 'Element : 30', 'https://fr.openfoodfacts.org/images/products/356/470/055/5347/front_fr.37.full.jpg', 0),
(131, 6, 4, 'Element : 31', 'https://fr.openfoodfacts.org/images/products/356/470/055/5347/front_fr.37.full.jpg', 0),
(132, 6, 2, 'Element : 32', NULL, 0),
(133, 6, 6, 'Element : 33', NULL, 0),
(134, 6, 4, 'Element : 34', NULL, 0),
(135, 6, 3, 'Element : 35', NULL, 0),
(136, 6, 5, 'Element : 36', NULL, 0),
(137, 6, 1, 'Element : 37', NULL, 0),
(138, 6, 1, 'Element : 38', NULL, 0),
(139, 6, 1, 'Element : 39', NULL, 0),
(140, 6, 6, 'Element : 40', 'https://fr.openfoodfacts.org/images/products/356/470/055/5347/front_fr.37.full.jpg', 0),
(141, 6, 2, 'Element : 41', 'https://fr.openfoodfacts.org/images/products/356/470/055/5347/front_fr.37.full.jpg', 0),
(142, 6, 3, 'Element : 42', 'https://fr.openfoodfacts.org/images/products/356/470/055/5347/front_fr.37.full.jpg', 0),
(143, 6, 4, 'Element : 43', NULL, 0),
(144, 6, 2, 'Element : 44', 'https://fr.openfoodfacts.org/images/products/356/470/055/5347/front_fr.37.full.jpg', 0),
(145, 6, 5, 'Element : 45', 'https://fr.openfoodfacts.org/images/products/356/470/055/5347/front_fr.37.full.jpg', 0),
(146, 6, 2, 'Element : 46', 'https://fr.openfoodfacts.org/images/products/356/470/055/5347/front_fr.37.full.jpg', 0),
(147, 6, 5, 'Element : 47', 'https://fr.openfoodfacts.org/images/products/356/470/055/5347/front_fr.37.full.jpg', 0),
(148, 6, 4, 'Element : 48', 'https://fr.openfoodfacts.org/images/products/356/470/055/5347/front_fr.37.full.jpg', 0),
(149, 6, 6, 'Element : 49', 'https://fr.openfoodfacts.org/images/products/356/470/055/5347/front_fr.37.full.jpg', 0),
(150, 6, 2, 'Element : 50', 'https://fr.openfoodfacts.org/images/products/356/470/055/5347/front_fr.37.full.jpg', 0),
(151, 10, 1, 'Element : 1', NULL, 0),
(152, 10, 5, 'Element : 2', NULL, 0),
(153, 10, 6, 'Element : 3', NULL, 0),
(154, 10, 6, 'Element : 4', NULL, 0),
(155, 10, 3, 'Element : 5', NULL, 0),
(156, 10, 5, 'Element : 6', NULL, 0),
(157, 10, 2, 'Element : 7', NULL, 0),
(158, 10, 6, 'Element : 8', NULL, 0),
(159, 10, 5, 'Element : 9', NULL, 0),
(160, 10, 6, 'Element : 10', NULL, 0),
(161, 10, 1, 'Element : 11', NULL, 0),
(162, 10, 5, 'Element : 12', 'https://fr.openfoodfacts.org/images/products/356/470/055/5347/front_fr.37.full.jpg', 0),
(163, 10, 3, 'Element : 13', NULL, 0),
(164, 10, 6, 'Element : 14', 'https://fr.openfoodfacts.org/images/products/356/470/055/5347/front_fr.37.full.jpg', 0),
(165, 10, 1, 'Element : 15', 'https://fr.openfoodfacts.org/images/products/356/470/055/5347/front_fr.37.full.jpg', 0),
(166, 10, 4, 'Element : 16', NULL, 0),
(167, 10, 4, 'Element : 17', NULL, 0),
(168, 10, 3, 'Element : 18', NULL, 0),
(169, 10, 1, 'Element : 19', 'https://fr.openfoodfacts.org/images/products/356/470/055/5347/front_fr.37.full.jpg', 0),
(170, 10, 1, 'Element : 20', NULL, 0),
(171, 10, 1, 'Element : 21', NULL, 0),
(172, 10, 6, 'Element : 22', 'https://fr.openfoodfacts.org/images/products/356/470/055/5347/front_fr.37.full.jpg', 0),
(173, 10, 5, 'Element : 23', NULL, 0),
(174, 10, 1, 'Element : 24', NULL, 0),
(175, 10, 1, 'Element : 25', 'https://fr.openfoodfacts.org/images/products/356/470/055/5347/front_fr.37.full.jpg', 0),
(176, 10, 3, 'Element : 26', NULL, 0),
(177, 10, 5, 'Element : 27', 'https://fr.openfoodfacts.org/images/products/356/470/055/5347/front_fr.37.full.jpg', 0),
(178, 10, 6, 'Element : 28', NULL, 0),
(179, 10, 4, 'Element : 29', 'https://fr.openfoodfacts.org/images/products/356/470/055/5347/front_fr.37.full.jpg', 0),
(180, 10, 4, 'Element : 30', NULL, 0),
(181, 10, 2, 'Element : 31', NULL, 0),
(182, 10, 4, 'Element : 32', NULL, 0),
(183, 10, 1, 'Element : 33', NULL, 0),
(184, 10, 5, 'Element : 34', NULL, 0),
(185, 10, 5, 'Element : 35', NULL, 0),
(186, 10, 4, 'Element : 36', NULL, 0),
(187, 10, 3, 'Element : 37', NULL, 0),
(188, 10, 1, 'Element : 38', NULL, 0),
(189, 10, 2, 'Element : 39', NULL, 0),
(190, 10, 5, 'Element : 40', 'https://fr.openfoodfacts.org/images/products/356/470/055/5347/front_fr.37.full.jpg', 0),
(191, 10, 6, 'Element : 41', NULL, 0),
(192, 10, 1, 'Element : 42', NULL, 0),
(193, 10, 1, 'Element : 43', 'https://fr.openfoodfacts.org/images/products/356/470/055/5347/front_fr.37.full.jpg', 0),
(194, 10, 5, 'Element : 44', 'https://fr.openfoodfacts.org/images/products/356/470/055/5347/front_fr.37.full.jpg', 0),
(195, 10, 1, 'Element : 45', NULL, 0),
(196, 10, 3, 'Element : 46', 'https://fr.openfoodfacts.org/images/products/356/470/055/5347/front_fr.37.full.jpg', 0),
(197, 10, 1, 'Element : 47', NULL, 0),
(198, 10, 2, 'Element : 48', 'https://fr.openfoodfacts.org/images/products/356/470/055/5347/front_fr.37.full.jpg', 0),
(199, 10, 2, 'Element : 49', 'https://fr.openfoodfacts.org/images/products/356/470/055/5347/front_fr.37.full.jpg', 0),
(200, 10, 5, 'Element : 50', NULL, 0),
(201, 11, 4, 'Element : 1', NULL, 0),
(202, 11, 3, 'Element : 2', NULL, 0),
(203, 11, 6, 'Element : 3', NULL, 0),
(204, 11, 2, 'Element : 4', NULL, 0),
(205, 11, 3, 'Element : 5', NULL, 0),
(206, 11, 6, 'Element : 6', NULL, 0),
(207, 11, 2, 'Element : 7', NULL, 0),
(208, 11, 5, 'Element : 8', NULL, 0),
(209, 11, 6, 'Element : 9', NULL, 0),
(210, 11, 4, 'Element : 10', NULL, 0),
(211, 11, 3, 'Element : 11', NULL, 0),
(212, 11, 1, 'Element : 12', NULL, 0),
(213, 11, 2, 'Element : 13', NULL, 0),
(214, 11, 6, 'Element : 14', 'https://fr.openfoodfacts.org/images/products/356/470/055/5347/front_fr.37.full.jpg', 0),
(215, 11, 6, 'Element : 15', NULL, 0),
(216, 11, 4, 'Element : 16', NULL, 0),
(217, 11, 5, 'Element : 17', NULL, 0),
(218, 11, 2, 'Element : 18', NULL, 0),
(219, 11, 3, 'Element : 19', NULL, 0),
(220, 11, 6, 'Element : 20', NULL, 0),
(221, 11, 6, 'Element : 21', 'https://fr.openfoodfacts.org/images/products/356/470/055/5347/front_fr.37.full.jpg', 0),
(222, 11, 4, 'Element : 22', NULL, 0),
(223, 11, 3, 'Element : 23', NULL, 0),
(224, 11, 3, 'Element : 24', 'https://fr.openfoodfacts.org/images/products/356/470/055/5347/front_fr.37.full.jpg', 0),
(225, 11, 4, 'Element : 25', NULL, 0),
(226, 11, 5, 'Element : 26', NULL, 0),
(227, 11, 5, 'Element : 27', NULL, 0),
(228, 11, 3, 'Element : 28', 'https://fr.openfoodfacts.org/images/products/356/470/055/5347/front_fr.37.full.jpg', 0),
(229, 11, 4, 'Element : 29', NULL, 0),
(230, 11, 4, 'Element : 30', 'https://fr.openfoodfacts.org/images/products/356/470/055/5347/front_fr.37.full.jpg', 0),
(231, 11, 1, 'Element : 31', 'https://fr.openfoodfacts.org/images/products/356/470/055/5347/front_fr.37.full.jpg', 0),
(232, 11, 6, 'Element : 32', 'https://fr.openfoodfacts.org/images/products/356/470/055/5347/front_fr.37.full.jpg', 0),
(233, 11, 2, 'Element : 33', NULL, 0),
(234, 11, 2, 'Element : 34', NULL, 0),
(235, 11, 4, 'Element : 35', NULL, 0),
(236, 11, 1, 'Element : 36', 'https://fr.openfoodfacts.org/images/products/356/470/055/5347/front_fr.37.full.jpg', 0),
(237, 11, 3, 'Element : 37', 'https://fr.openfoodfacts.org/images/products/356/470/055/5347/front_fr.37.full.jpg', 0),
(238, 11, 1, 'Element : 38', 'https://fr.openfoodfacts.org/images/products/356/470/055/5347/front_fr.37.full.jpg', 0),
(239, 11, 1, 'Element : 39', 'https://fr.openfoodfacts.org/images/products/356/470/055/5347/front_fr.37.full.jpg', 0),
(240, 11, 6, 'Element : 40', NULL, 0),
(241, 11, 6, 'Element : 41', 'https://fr.openfoodfacts.org/images/products/356/470/055/5347/front_fr.37.full.jpg', 0),
(242, 11, 1, 'Element : 42', 'https://fr.openfoodfacts.org/images/products/356/470/055/5347/front_fr.37.full.jpg', 0),
(243, 11, 4, 'Element : 43', NULL, 0),
(244, 11, 2, 'Element : 44', NULL, 0),
(245, 11, 3, 'Element : 45', NULL, 0),
(246, 11, 3, 'Element : 46', 'https://fr.openfoodfacts.org/images/products/356/470/055/5347/front_fr.37.full.jpg', 0),
(247, 11, 3, 'Element : 47', 'https://fr.openfoodfacts.org/images/products/356/470/055/5347/front_fr.37.full.jpg', 0),
(248, 11, 6, 'Element : 48', NULL, 0),
(249, 11, 4, 'Element : 49', NULL, 0),
(250, 11, 5, 'Element : 50', NULL, 0),
(251, 12, 6, 'Element : 1', NULL, 0),
(252, 12, 3, 'Element : 2', NULL, 0),
(253, 12, 3, 'Element : 3', NULL, 0),
(254, 12, 5, 'Element : 4', NULL, 0),
(255, 12, 2, 'Element : 5', NULL, 0),
(256, 12, 3, 'Element : 6', NULL, 0),
(257, 12, 4, 'Element : 7', NULL, 0),
(258, 12, 3, 'Element : 8', NULL, 0),
(259, 12, 3, 'Element : 9', NULL, 0),
(260, 12, 1, 'Element : 10', NULL, 0),
(261, 12, 4, 'Element : 11', NULL, 0),
(262, 12, 4, 'Element : 12', NULL, 0),
(263, 12, 5, 'Element : 13', NULL, 0),
(264, 12, 1, 'Element : 14', 'https://fr.openfoodfacts.org/images/products/356/470/055/5347/front_fr.37.full.jpg', 0),
(265, 12, 5, 'Element : 15', NULL, 0),
(266, 12, 6, 'Element : 16', NULL, 0),
(267, 12, 4, 'Element : 17', NULL, 0),
(268, 12, 5, 'Element : 18', 'https://fr.openfoodfacts.org/images/products/356/470/055/5347/front_fr.37.full.jpg', 0),
(269, 12, 4, 'Element : 19', NULL, 0),
(270, 12, 2, 'Element : 20', NULL, 0),
(271, 12, 3, 'Element : 21', 'https://fr.openfoodfacts.org/images/products/356/470/055/5347/front_fr.37.full.jpg', 0),
(272, 12, 2, 'Element : 22', 'https://fr.openfoodfacts.org/images/products/356/470/055/5347/front_fr.37.full.jpg', 0),
(273, 12, 3, 'Element : 23', NULL, 0),
(274, 12, 2, 'Element : 24', NULL, 0),
(275, 12, 1, 'Element : 25', NULL, 0),
(276, 12, 6, 'Element : 26', NULL, 0),
(277, 12, 2, 'Element : 27', 'https://fr.openfoodfacts.org/images/products/356/470/055/5347/front_fr.37.full.jpg', 0),
(278, 12, 2, 'Element : 28', NULL, 0),
(279, 12, 5, 'Element : 29', 'https://fr.openfoodfacts.org/images/products/356/470/055/5347/front_fr.37.full.jpg', 0),
(280, 12, 5, 'Element : 30', 'https://fr.openfoodfacts.org/images/products/356/470/055/5347/front_fr.37.full.jpg', 0),
(281, 12, 4, 'Element : 31', 'https://fr.openfoodfacts.org/images/products/356/470/055/5347/front_fr.37.full.jpg', 0),
(282, 12, 4, 'Element : 32', 'https://fr.openfoodfacts.org/images/products/356/470/055/5347/front_fr.37.full.jpg', 0),
(283, 12, 6, 'Element : 33', NULL, 0),
(284, 12, 2, 'Element : 34', NULL, 0),
(285, 12, 6, 'Element : 35', NULL, 0),
(286, 12, 4, 'Element : 36', 'https://fr.openfoodfacts.org/images/products/356/470/055/5347/front_fr.37.full.jpg', 0),
(287, 12, 6, 'Element : 37', NULL, 0),
(288, 12, 2, 'Element : 38', 'https://fr.openfoodfacts.org/images/products/356/470/055/5347/front_fr.37.full.jpg', 0),
(289, 12, 2, 'Element : 39', NULL, 0),
(290, 12, 3, 'Element : 40', NULL, 0),
(291, 12, 5, 'Element : 41', 'https://fr.openfoodfacts.org/images/products/356/470/055/5347/front_fr.37.full.jpg', 0),
(292, 12, 4, 'Element : 42', 'https://fr.openfoodfacts.org/images/products/356/470/055/5347/front_fr.37.full.jpg', 0),
(293, 12, 6, 'Element : 43', 'https://fr.openfoodfacts.org/images/products/356/470/055/5347/front_fr.37.full.jpg', 0),
(294, 12, 4, 'Element : 44', NULL, 0),
(295, 12, 3, 'Element : 45', 'https://fr.openfoodfacts.org/images/products/356/470/055/5347/front_fr.37.full.jpg', 0),
(296, 12, 1, 'Element : 46', 'https://fr.openfoodfacts.org/images/products/356/470/055/5347/front_fr.37.full.jpg', 0),
(297, 12, 4, 'Element : 47', 'https://fr.openfoodfacts.org/images/products/356/470/055/5347/front_fr.37.full.jpg', 0),
(298, 12, 6, 'Element : 48', 'https://fr.openfoodfacts.org/images/products/356/470/055/5347/front_fr.37.full.jpg', 0),
(299, 12, 3, 'Element : 49', 'https://fr.openfoodfacts.org/images/products/356/470/055/5347/front_fr.37.full.jpg', 0),
(300, 12, 6, 'Element : 50', NULL, 0);

INSERT INTO `share` (`id`, `user_1_id`, `user_2_id`, `note_id`, `updated_by_id`, `updated_at`, `seen`) VALUES
(1, 1, 2, 1, 2, '2022-08-29 20:08:39', 0),
(2, 1, 2, 2, 1, '2022-08-29 20:08:39', 0),
(3, 1, 2, 3, 2, '2022-08-29 20:08:39', 0),
(4, 1, 2, 4, 1, '2022-08-29 20:08:39', 0);